url,duration,title,added,views,heart
https://avgle.com/video/jR0NfNIvSN0/dcv-191,01:29:05,DCV-191,1 days ago,"115,395",87%
https://avgle.com/video/0O3UiUsljUI/stars-449,02:19:43,STARS-449,1 days ago,"123,244",92%
https://avgle.com/video/ZR_g_gBuXg0/高清中文字幕-dvdms-690-和家事代行的阿姨-被巨根俘虏的人妻第二天擅自闯入-在她满足前只好数次中出,02:32:14,【高清中文字幕】DVDMS-690 和家事代行的阿姨！被巨根俘虏的人妻第二天擅自闯入 在她满足前只好数次中出,1 days ago,"95,359",88%
https://avgle.com/video/t0m6Q6rw86U/ymdd-246,02:30:56,YMDD-246,1 days ago,"85,261",78%
https://avgle.com/video/qTl5I59or5t/sqte-386,01:43:54,SQTE-386,1 days ago,"60,141",88%
https://avgle.com/video/FChCHCM5DCe/fc2-ppv-2250347,32:43,fc2-ppv-2250347,1 days ago,"105,239",84%
https://avgle.com/video/Zi_g_gTLdg0/sspd-166-バイト先の美女2人を奴-化ハーレム計画-川上奈々美-二宮ひかり,02:29:05,SSPD-166 バイト先の美女2人を奴●化ハーレム計画 川上奈々美 二宮ひかり,21 hours ago,"41,472",90%
https://avgle.com/video/Zh_g_gulgg0/fc2ppv-2217337-1,01:00:01,FC2PPV-2217337-1,1 days ago,"45,456",89%
https://avgle.com/video/H35r8rBNort/昨天-才知道我有無精症-但是-老婆已经懷孕4個月了-伊藤舞雪,01:59:07,昨天，才知道我有無精症。但是，老婆已经懷孕4個月了 伊藤舞雪,1 days ago,"55,901",77%
https://avgle.com/video/1Sdo2oqHwo0/fc2-ppv-2245205-1,01:34:57,fc2-ppv-2245205 - 1,1 days ago,"78,926",87%
https://avgle.com/video/xdLCcCZ1YCy/miaa-508-店長-今日は帰らせないから-時短営業逆ntr-閉店後-妻に隠れて密になる2人-子宮に擦り付けイキ狂う腰使いに何度も何度も中出ししてしまった僕-藤森里穂,01:59:59,MIAA-508 「店長、今日は帰らせないから…」時短営業逆NTR 閉店後、妻に隠れて密になる2人。子宮に擦り付けイキ狂う腰使いに何度も何度も中出ししてしまった僕… 藤森里穂,13 hours ago,"24,664",93%
https://avgle.com/video/jA0NfNAK8N0/ntk-641,01:21:29,NTK-641,14 hours ago,"26,295",81%
https://avgle.com/video/9D7GyGeXfG3/waaa-099-由愛可奈の凄テクを我慢できれば生-中出しsex,03:14:01,WAAA-099 由愛可奈の凄テクを我慢できれば生★中出しSEX！,1 days ago,"60,627",86%
https://avgle.com/video/jp0NfNe9NN0/shkd-966-妻が不在の数日間-狂ったように義姉を犯し続けた生々しい記録映像-希島あいり,02:00:09,SHKD-966 妻が不在の数日間、狂ったように義姉を犯し続けた生々しい記録映像。 希島あいり,20 hours ago,"27,898",87%
https://avgle.com/video/oNaqTqIqmqw/stars-437,03:11:39,STARS-437,1 days ago,"60,899",71%
https://avgle.com/video/sJHRKRuizR4/heyzo-2631-巨乳な素人娘をジックリ堪能しちゃいましたvol-2-大島里恵,58:42,HEYZO-2631 巨乳な素人娘をジックリ堪能しちゃいましたVol 2 - 大島里恵,1 days ago,"28,441",84%
https://avgle.com/video/1ldo2oIRQo0/waaa-043,01:58:26,waaa-043,22 hours ago,"27,279",80%
https://avgle.com/video/02rBnBGNiBz/420hoi-147-堀北-21-素人ホイホイz-素人-医療事務-彼氏アリ-可愛い-フランク-美少女-色白-小柄-貧乳-顔射-ハメ撮り,01:37:18,420HOI-147 堀北(21) 素人ホイホイZ・素人・医療事務・彼氏アリ・可愛い・フランク・美少女・色白・小柄・貧乳・顔射・ハメ撮り,4 days ago,"294,966",89%
url,duration,title,added,views,heart
https://avgle.com/video/U_XIlId8uIn/fc2ppv-2112041-074-1年ぶりの再開-学-を稼ぐための夜職持ちljdとの絶叫呼吸困難子宮ガン付きセックス2回戦-美乳-過-fc2,04:11:03,FC2PPV-2112041 074【1年ぶりの再開！】学●を稼ぐための夜職持ちLJDとの絶叫呼吸困難子宮ガン付きセックス2回戦！（美乳×過 FC2,3 days ago,"204,767",83%
https://avgle.com/video/5_J8z8uF68h/fc2-ppv-2252456,54:58,fc2-ppv-2252456,1 days ago,"46,251",95%
https://avgle.com/video/YayAhAfM6A6/adn-348-問題児の性処理道具にされ-朝までラブホで中出し強要された女教師-夏目彩春,02:03:03,ADN-348 問題児の性処理道具にされ、朝までラブホで中出し強要された女教師 夏目彩春,15 hours ago,"18,686",83%
https://avgle.com/video/MvwvJvhH5ve/dvdms-719,02:44:08,DVDMS-719,2 days ago,"80,987",83%
https://avgle.com/video/ywj7A7Mcd7e/北野未奈-nnpj-473-高スペック女子を抱きたいッ-hカップ港区女子とエロすぎリゾートプールデート死ぬほどsex好きな肉食系中出し-4発,01:28:27,北野未奈 NNPJ-473 高スペック女子を抱きたいッ Hカップ港区女子とエロすぎリゾートプールデート死ぬほどSEX好きな肉食系中出し 4発,1 days ago,"42,882",83%
https://avgle.com/video/QTM7x7DaN7t/sqte-384,01:40:53,SQTE-384,1 days ago,"27,628",83%
https://avgle.com/video/T48PbPfYbPs/nacr-471,02:01:54,NACR-471,1 days ago,"28,499",92%
https://avgle.com/video/dLPWUW2HWW1/dvdms-721,04:00:20,DVDMS-721,2 days ago,"75,385",84%
https://avgle.com/video/nGTUyUjZEUX/fc2-ppv-2158392-色白美乳eカップの現役３年生-田舎育ちのおっとり小動物系なのに膣内からは大量の愛液が溢れ落ちる-ぷるんぷるんに揺れるおっぱいを眺めながらこっそり半分中出し-fc2-3,01:04:47,FC2 PPV 2158392 色白美乳Eカップの現役３年生。田舎育ちのおっとり小動物系なのに膣内からは大量の愛液が溢れ落ちる。ぷるんぷるんに揺れるおっぱいを眺めながらこっそり半分中出し。 FC2 - 3,13 hours ago,"14,295",100%
https://avgle.com/video/Q_M7x7kRB7t/vec-498,01:55:02,VEC-498,2 days ago,"71,555",89%
https://avgle.com/video/5EJ8z8Z_p8h/fc2-ppv-2132144-無修正-海辺を歩く白いワンピース姿の可憐すぎる美女-魅惑のfcup美巨乳ボディに中出し-こんなにイクとは思わなかった-完全顔出し-fc2-1,40:04,FC2 PPV 2132144 【無修正】海辺を歩く白いワンピース姿の可憐すぎる美女・・・魅惑のFcup美巨乳ボディに中出し！！こんなにイクとは思わなかった・・・（完全顔出し） FC2 - 1,10 hours ago,"16,951",73%
https://avgle.com/video/7Kt6Y6LLu6A/club-654,02:59:41,CLUB-654,1 days ago,"38,404",93%
https://avgle.com/video/FwhCHC921Ce/maan-704,01:10:17,MAAN-704,14 hours ago,"15,705",88%
https://avgle.com/video/edScscxJzcV/jufe-335,02:40:00,JUFE-335,1 days ago,"27,922",87%
https://avgle.com/video/nVTUyUL0DUX/fc2-ppv-2278122,01:08:14,fc2-ppv-2278122,2 days ago,"79,366",71%
https://avgle.com/video/hZ4MgMWQEMt/fc2-ppv-2245205-2,17:06,fc2-ppv-2245205 - 2,1 days ago,"40,454",89%
https://avgle.com/video/jFRrnrkE4rd/fc2-ppv-2284849,01:04:27,fc2-ppv-2284849,12 hours ago,"12,916",94%
https://avgle.com/video/LA9pXpnAxpu/zmar-051,03:40:20,ZMAR-051,1 days ago,"27,466",85%
url,duration,title,added,views,heart
https://avgle.com/video/j2Rrnrkuhrd/破壊版-abp-197-鈴村あいりドッキリsp-専属女優-鈴村あいりを即ハメドッキリでイカせちゃいます-mosaic-removed,02:05:50,[破壊版]  ABP-197 鈴村あいりドッキリSP 専属女優・鈴村あいりを即ハメドッキリでイカせちゃいます！！ (Mosaic Removed),12 hours ago,"11,990",100%
https://avgle.com/video/vSZSKSb3ySr/ymdd-247,04:01:04,YMDD-247,1 days ago,"27,835",81%
https://avgle.com/video/WhBakaSQaaF/fc2-ppv-2251822,01:38:27,fc2-ppv-2251822,3 days ago,"201,366",84%
https://avgle.com/video/ZiFrKrJJxr9/fc2-ppv-2274066,35:01,fc2-ppv-2274066,2 days ago,"73,521",70%
https://avgle.com/video/rtA2G2TZp27/fc2-ppv-2130911-個撮-都立手芸部②　gカップ黒髪ロングと睨みセックス　お〇のために仕方なくハメ撮り,26:47,Fc2 ppv 2130911 【個撮】都立手芸部②　Gカップ黒髪ロングと睨みセックス　お〇のために仕方なくハメ撮り,10 hours ago,"12,174",88%
https://avgle.com/video/JncdjdHgwdX/simm-668,01:33:27,SIMM-668,13 hours ago,"12,680",92%
https://avgle.com/video/YyyAhAtWAA6/fc2-ppv-2243884,16:50,fc2-ppv-2243884,1 days ago,"46,888",71%
https://avgle.com/video/Q3uHjH3NlHV/mide-978,02:04:11,MIDE-978,2 days ago,"76,990",82%
https://avgle.com/video/EzNPdPqGIP4/fc2-ppv-2246202-2,41:47,fc2-ppv-2246202 - 2,1 days ago,"36,736",88%
https://avgle.com/video/9f7GyG0sjG3/adn-349-プライドの高い同期入社の女上司と出張先で相部屋-意外と押しに弱くて朝まで溺れるようにヤリまくった-日下部加奈,01:58:22,ADN-349 プライドの高い同期入社の女上司と出張先で相部屋。意外と押しに弱くて朝まで溺れるようにヤリまくった。 日下部加奈,20 hours ago,"15,150",90%
https://avgle.com/video/XLUKbKPzfKz/fc2-ppv-2143054-地上に降臨した圧倒的天使-保育学校に通う18歳-極上清純派のマンコから溢れ出てくる濃密な大量の愛液-即尺フェラからスレンダーな身体を攻め倒し-奥までガン突きして大量中出し-fc2-1,01:23:33,FC2 PPV 2143054 地上に降臨した圧倒的天使。保育学校に通う18歳。極上清純派のマンコから溢れ出てくる濃密な大量の愛液。即尺フェラからスレンダーな身体を攻め倒し、奥までガン突きして大量中出し。 FC2 - 1,10 hours ago,"10,793",88%
https://avgle.com/video/oQaqTqtF0qw/えち活はじめました-お持ち帰り-vol-3,02:39:20,えち活はじめました！！＃お持ち帰り vol 3,1 days ago,"23,375",76%
https://avgle.com/video/jCRrnr9tfrd/xvsr-617,02:36:04,XVSR-617,1 days ago,"21,988",85%
https://avgle.com/video/ZmFrKraSHr9/nacr-464,02:00:34,NACR-464,1 days ago,"21,932",89%
https://avgle.com/video/z6KP8P53kPh/fc2-ppv-2268452,41:35,fc2-ppv-2268452,3 days ago,"109,149",76%
https://avgle.com/video/kQoYBYIArYM/fc2-ppv-2158392-色白美乳eカップの現役３年生-田舎育ちのおっとり小動物系なのに膣内からは大量の愛液が溢れ落ちる-ぷるんぷるんに揺れるおっぱいを眺めながらこっそり半分中出し-fc2-1,01:09:18,FC2 PPV 2158392 色白美乳Eカップの現役３年生。田舎育ちのおっとり小動物系なのに膣内からは大量の愛液が溢れ落ちる。ぷるんぷるんに揺れるおっぱいを眺めながらこっそり半分中出し。 FC2 - 1,13 hours ago,"10,106",100%
https://avgle.com/video/laf525NQy5P/adn-074-犯される度に美しく-川上ゆう,01:55:11,ADN-074 犯される度に美しく 川上ゆう,18 hours ago,"12,828",91%
https://avgle.com/video/0HrBRBijbBz/orec-911,01:03:32,OREC-911,1 days ago,"28,553",64%
url,duration,title,added,views,heart
https://avgle.com/video/RNic_c1PVcd/fc2-ppv-2283182,01:58:37,fc2-ppv-2283182,8 hours ago,"9,054",90%
https://avgle.com/video/0R3UiUeDrUI/stars-439,02:01:11,STARS-439,1 days ago,"29,031",88%
https://avgle.com/video/zd2565vAl5u/超加速するピストンで何度も中出し-松本菜奈実,02:34:34,超加速するピストンで何度も中出し！ 松本菜奈実,1 days ago,"17,313",78%
https://avgle.com/video/WpBaSaw7DaF/fc2-ppv-2111805-何も考えてないふわふわ系素人jdみさきちゃん-脱がせたら超ヤバイ身体してました-天然の大きなおっぱいとすごいくびれ-奇跡-当然中出し-個撮,01:04:42,Fc2 ppv 2111805 何も考えてないふわふわ系素人JDみさきちゃん！脱がせたら超ヤバイ身体してました！天然の大きなおっぱいとすごいくびれ！奇跡！当然中出し！【個撮】,2 days ago,"67,221",77%
https://avgle.com/video/WQBaSaA4faF/高清中文字幕-hmn-023-不敢跟女友说性癖-真好笑-被变态乳头改造-被迫数次中出的我-兰华,02:02:15,【高清中文字幕】HMN-023 不敢跟女友说性癖？真好笑 被变态乳头改造 被迫数次中出的我 兰华,1 days ago,"24,780",70%
https://avgle.com/video/tSm6Q6F1q6U/近ごろ豊満な熟女體型を気にしはじめた嫁の母が恥じらう姿に僕は勃起してしまった-永井マリア,01:31:09,近ごろ豊満な熟女體型を気にしはじめた嫁の母が恥じらう姿に僕は勃起してしまった 永井マリア,1 days ago,"22,957",91%
https://avgle.com/video/977GyGtUJG3/fc2-ppv-2256178,01:17:04,fc2-ppv-2256178,1 days ago,"37,757",67%
https://avgle.com/video/ZLFrKrJxNr9/fc2-ppv-2272808,43:14,fc2-ppv-2272808,2 days ago,"51,524",75%
https://avgle.com/video/5iJ8z8jCG8h/暴力增大增粗延时助勃-亲测有效v-ly292yl-julia-waaa-103-我-裘莉婭-被迫-射精-在-乳交-地獄-反向-兔子,02:00:00,暴力增大增粗延时助勃 亲测有效V:LY292YL】julia  WAAA-103 我 裘莉婭 被迫 射精 在 乳交 地獄 反向 兔子,1 days ago,"24,912",80%
https://avgle.com/video/EVCOZOc6EOr/mide-975,02:37:25,MIDE-975,2 days ago,"59,067",84%
https://avgle.com/video/tKm6Q61ky6U/sdnm-306,02:14:56,SDNM-306,1 days ago,"29,810",73%
https://avgle.com/video/vYnC2CZkZCe/ssis-082-やることなすこと完全合意のドmメイドを俺が飽きるまでむちゃくちゃヤッた2日間-三宮つばき-ブルーレイディスク,02:00:01,SSIS-082 やることなすこと完全合意のドMメイドを俺が飽きるまでむちゃくちゃヤッた2日間 三宮つばき （ブルーレイディスク）,3 days ago,"103,234",87%
https://avgle.com/video/1edo2ovWVo0/adn-077-あなた-許して-償いの果てに-中村知恵,01:49:27,ADN-077 あなた、許して…。-償いの果てに- 中村知恵,18 hours ago,"10,288",100%
https://avgle.com/video/xgLCcCmGZCy/fc2-ppv-2246202-1,41:41,fc2-ppv-2246202 - 1,1 days ago,"27,907",90%
https://avgle.com/video/r1A2G2bHT27/cead-343,02:15:23,cead-343,21 hours ago,"11,824",91%
https://avgle.com/video/rjA2G2VqM27/mfc-146-2中2顔射3pハメ撮り-フル勃起肉棒2本が美巨乳hカップセフレのマ-コに襲い掛かる-初めての3pで上のお口も下のお口もチ-コで満たされて大興奮-からの大量中出しでうっとりヘヴン状態に-しろうとハメ撮り-めぐみ-20歳-デカパイフリーター,01:27:23,MFC-146 【2中2顔射3Pハメ撮り】フル勃起肉棒2本が美巨乳Hカップセフレのマ○コに襲い掛かる！初めての3Pで上のお口も下のお口もチ○コで満たされて大興奮！からの大量中出しでうっとりヘヴン状態に！【しろうとハメ撮り＃めぐみ＃20歳＃デカパイフリーター】,1 days ago,"26,845",77%
https://avgle.com/video/NTx_O_oRA_j/miaa-507,02:28:57,MIAA-507,2 days ago,"30,797",89%
https://avgle.com/video/9j7GyG011G3/河西乃愛-my-487-小野麻美-1,53:18,河西乃愛 MY-487 小野麻美 1,20 hours ago,"10,127",100%
url,duration,title,added,views,heart
https://avgle.com/video/lZf5c5HDa5P/fc2-ppv-2255291-1,31:00,fc2-ppv-2255291 - 1,3 days ago,"141,846",77%
https://avgle.com/video/yTj7A7woO7e/stars-455,02:20:55,STARS-455,1 days ago,"26,235",86%
https://avgle.com/video/5DJ8z8buE8h/gana-2553,01:14:32,GANA-2553,14 hours ago,"13,963",56%
https://avgle.com/video/g3ED7DIBCDO/jufd-823-超絶テクで射精無制限-淫らな痴女が絡みつく中出し逆3pクラブ-白石りん-佐倉ねね,03:00:55,JUFD-823 超絶テクで射精無制限！ 淫らな痴女が絡みつく中出し逆3Pクラブ 白石りん，佐倉ねね,1 days ago,"15,006",80%
https://avgle.com/video/Q4uHjHLlVHV/补完计划-pppd-661-摸摸茶店1日店长特别来宾爆乳侍奉-julia,02:30:31,补完计划❤PPPD-661 摸摸茶店1日店长特别来宾爆乳侍奉 JULIA,1 days ago,"11,615",100%
https://avgle.com/video/jJ0NfNB3dN0/某地方に生挿入okのおっぱぶ店が存在するとの噂が,02:36:35,某地方に生挿入OKのおっぱぶ店が存在するとの噂が。,2 days ago,"47,693",91%
https://avgle.com/video/Te8PbPMXEPs/超加速するピストンで何度も中出し-桐谷まつり,02:27:13,超加速するピストンで何度も中出し！ 桐谷まつり,1 days ago,"16,080",78%
https://avgle.com/video/gwb8D8Tz48s/fc2-ppv-2257439,01:37:29,fc2-ppv-2257439,3 days ago,"129,013",83%
https://avgle.com/video/TN8PbPOo4Ps/lzlzbzhz3bz2mz2gz32,02:04:28,lzlzbzhz3bz2mz2gz32,1 days ago,"25,602",85%
https://avgle.com/video/IVVmAmgSNmw/mide-976,02:23:49,MIDE-976,2 days ago,"51,801",79%
https://avgle.com/video/x_LCcCsrkCy/8z16z16z15z3bz34z30z30,02:35:08,8z16z16z15z3bz34z30z30,1 days ago,"13,958",73%
https://avgle.com/video/kisNmNjm0Nn/fc2-ppv-2286772,59:35,fc2-ppv-2286772,12 hours ago,"7,011",100%
https://avgle.com/video/IbVmAmIokmw/fc2-ppv-2268400,56:45,fc2-ppv-2268400,3 days ago,"90,794",75%
https://avgle.com/video/kYsNmN5viNn/sdnm-303,02:12:59,SDNM-303,1 days ago,"19,491",94%
https://avgle.com/video/j7Rrnr7hfrd/弱冠20歳-銀座no-1-某有名高級クラブ-hカップホステスと大型契約-avデビュー,02:21:56,弱冠20歳！ 銀座NO 1（某有名高級クラブ）Hカップホステスと大型契約 AVデビュー,18 hours ago,"9,872",86%
https://avgle.com/video/0s3UiUPhjUI/miaa-506,01:56:58,MIAA-506,2 days ago,"56,158",74%
https://avgle.com/video/Ry1wWwqJXwP/和妻子处于倦怠期-被部下诱惑-沉溺于和她的sex-不伦在宅逆ntr-月乃露娜,01:57:42,和妻子处于倦怠期 被部下诱惑 沉溺于和她的SEX 不伦在宅逆NTR 月乃露娜,1 days ago,"13,885",100%
https://avgle.com/video/qol5I5MSv5t/cawd-287,02:09:28,CAWD-287,2 days ago,"27,185",88%
url,duration,title,added,views,heart
https://avgle.com/video/C2gShScZRS9/club-655,03:58:29,CLUB-655,1 days ago,"25,279",68%
https://avgle.com/video/zhKP8PGfUPh/jufe-336,03:02:25,JUFE-336,1 days ago,"15,109",88%
https://avgle.com/video/vmZSKSIMdSr/miaa-504,02:31:17,MIAA-504,2 days ago,"45,837",85%
https://avgle.com/video/_8Whih1Iuhp/木下ひまり-mgmr-130-himari,01:49:08,木下ひまり MGMR-130 HIMARI,3 days ago,"89,900",81%
https://avgle.com/video/917GyG4ZKG3/mziz13z16z3bz32z32z2h,01:58:16,mziz13z16z3bz32z32z2h,1 days ago,"11,540",100%
https://avgle.com/video/XpUKbKyVdKz/mimk-096-魔性の塩顔女子-めちゃくちゃ性欲の強い巨乳女子に飲み会でロックオンされた僕は-原作-んほぉ痴態-1万人がイキ果てた-むっちり女子の肉体に溺れる大人気cgコミックを実写化-初愛ねんね,02:27:54,MIMK-096 魔性の塩顔女子 めちゃくちゃ性欲の強い巨乳女子に飲み会でロックオンされた僕は… 原作・んほぉ痴態 1万人がイキ果てた！むっちり女子の肉体に溺れる大人気CGコミックを実写化！ 初愛ねんね,1 days ago,"20,300",83%
https://avgle.com/video/kToYBY9BUYM/高清中文字幕-soe-681-秘密搜查官们-特别篇-樱心美-西条琉璃-冲田杏梨,03:05:00,【高清中文字幕】SOE-681 秘密搜查官们 特别篇 樱心美 西条琉璃 冲田杏梨,2 days ago,"26,267",91%
https://avgle.com/video/Hd5r8rzu9rt/最強の黒人巨根で絶頂-ハーレム3p爆乳挾撃special-風間ゆみ-千乃あずみ,02:40:02,最強の黒人巨根で絶頂！ハーレム3P爆乳挾撃SPECIAL 風間ゆみ 千乃あずみ,2 days ago,"22,290",89%
https://avgle.com/video/Nmx_O_mRP_j/fc2-ppv-2153959-初美沙希-無修正生中出し映像流出-2-fc2,01:06:19,FC2 PPV 2153959「初美沙希」無修正生中出し映像流出！2 FC2,13 hours ago,"6,230",100%
https://avgle.com/video/_cWhXhOYUhp/adn-076-人妻整体師-真理子-こんなに濡れるなんて-いやだ-どうして-三浦あいか,01:55:19,ADN-076 人妻整体師 真理子 こんなに濡れるなんて、いやだ、どうして… 三浦あいか,19 hours ago,"7,651",100%
https://avgle.com/video/H95r8rxX2rt/inst-171,01:21:20,INST-171,12 hours ago,"6,994",83%
https://avgle.com/video/LueMSMpMAM2/fc2-ppv-2139035-無修正ｘ個人撮影-不倫相手はまさかのママ友-情報過多すぎて大ピンチ-美人妻のエロ過ぎるレズカラミを見せつけられて我慢の限界-美人妻達を交えて3pに発展,44:44,Fc2 ppv 2139035【無修正ｘ個人撮影】不倫相手はまさかのママ友!?情報過多すぎて大ピンチ！美人妻のエロ過ぎるレズカラミを見せつけられて我慢の限界！美人妻達を交えて3Pに発展！,2 days ago,"60,554",55%
https://avgle.com/video/MAwvJvlxZve/3zdz8z9z3bz32z2oz2n,02:01:38,3zdz8z9z3bz32z2oz2n,1 days ago,"11,694",100%
https://avgle.com/video/qkl5I5xXD5t/jufe-334,02:44:23,JUFE-334,2 days ago,"46,809",75%
https://avgle.com/video/ZrFrKrET8r9/hカップホステス人生初中出し-生ペ-スで性感覚醒-異常な激イキ3本番-北野未奈,02:02:25,Hカップホステス人生初中出し 生ペ●スで性感覚醒！異常な激イキ3本番 北野未奈,1 days ago,"11,370",73%
https://avgle.com/video/tWm6Q62XI6U/nacr-470,02:12:37,NACR-470,1 days ago,"12,242",88%
https://avgle.com/video/ERNPdPB7sP4/dvdms-720,02:40:15,DVDMS-720,2 days ago,"37,332",70%
https://avgle.com/video/r1qcgcbpsc0/中文字幕-mide-960-雙親不在鄉下大奶妹誘惑鄰居哥來做愛,01:59:20,[中文字幕] MIDE-960 雙親不在鄉下大奶妹誘惑鄰居哥來做愛,4 days ago,"136,305",88%
url,duration,title,added,views,heart
https://avgle.com/video/XrUKbKtOMKz/mziz16z15z3bz2gz32z34,03:07:20,mziz16z15z3bz2gz32z34,1 days ago,"12,906",57%
https://avgle.com/video/ExNPdPKWzP4/8zfz11z9z3bz2hz34z2n,35:15,8zfz11z9z3bz2hz34z2n,21 hours ago,"14,554",44%
https://avgle.com/video/FhhCHCGFkCe/cawd-294,02:26:21,CAWD-294,2 days ago,"35,957",83%
https://avgle.com/video/yMj7A7kk17e/miaa-508,02:00:06,MIAA-508,2 days ago,"38,483",83%
https://avgle.com/video/_RWhXhVF3hp/adn-073-あなた-許して-夫の上司に抱かれて-宮部涼花,01:45:23,ADN-073 あなた、許して…。-夫の上司に抱かれて- 宮部涼花,1 days ago,"16,832",81%
https://avgle.com/video/ZO_g_gnLXg0/mium-744,02:06:52,MIUM-744,14 hours ago,"5,480",100%
https://avgle.com/video/NyYGvGhJHG_/2zmz16z16z3bz2nz34z2m,04:00:24,2zmz16z16z3bz2nz34z2m,2 days ago,"23,871",86%
https://avgle.com/video/YXyAhAFrSA6/heyzo-2622-私の彼氏を寝取って-親友からのntr依頼-山岸詩織,59:13,HEYZO-2622 私の彼氏を寝取って！～親友からのNTR依頼～ - 山岸詩織,1 days ago,"22,530",64%
https://avgle.com/video/5oJ8z8ybi8h/heyzo-2639-ハメ撮り大好きなセフレとのお出かけはラブホへgo　vol-01-ゆずき,53:49,HEYZO-2639 ハメ撮り大好きなセフレとのお出かけはラブホへGO　Vol 01 - ゆずき,2 days ago,"39,852",85%
https://avgle.com/video/9s7GyGtfTG3/高清中文字幕-sdnm-297-梦想女儿长大后一起去购物的新手妈妈2年级生-木下彩芽-23岁-第2章-全家3人一起生活-在家里全裸性交-母乳和潮吹一同飞溅,02:32:17,【高清中文字幕】SDNM-297 梦想女儿长大后一起去购物的新手妈妈2年级生 木下彩芽 23岁 第2章 全家3人一起生活 在家里全裸性交，母乳和潮吹一同飞溅,1 days ago,"15,823",100%
https://avgle.com/video/txm6Q6jCD6U/中文字幕-fsdss269-與最討厭的義父和不停中出生孫子-河南実里,02:05:38,[中文字幕] FSDSS269 與最討厭的義父和不停中出生孫子 河南実里,16 hours ago,"5,745",100%
https://avgle.com/video/sTHRKRDeFR4/想要绝伦儿子的dna-在老公睡着时和儿子的造人夜爱-佐伯由美香,01:57:35,想要绝伦儿子的DNA 在老公睡着时和儿子的造人夜爱 佐伯由美香,1 days ago,"13,765",86%
https://avgle.com/video/0m3UiUvErUI/fc2-ppv-2132144-無修正-海辺を歩く白いワンピース姿の可憐すぎる美女-魅惑のfcup美巨乳ボディに中出し-こんなにイクとは思わなかった-完全顔出し-fc2-2,08:29,FC2 PPV 2132144 【無修正】海辺を歩く白いワンピース姿の可憐すぎる美女・・・魅惑のFcup美巨乳ボディに中出し！！こんなにイクとは思わなかった・・・（完全顔出し） FC2 - 2,10 hours ago,"4,744",100%
https://avgle.com/video/IXVm9mrNamw/yari-001-突然ですがおちんちん見てもらっていいですか,04:00:19,YARI-001 突然ですがおちんちん見てもらっていいですか？,3 days ago,"71,281",72%
https://avgle.com/video/ntTUyUqwTUX/cawd-292,02:26:38,CAWD-292,2 days ago,"20,958",82%
https://avgle.com/video/NxDT9THKiTl/ssis-129-河北彩花-re-start,02:50:20,SSIS-129 河北彩花 Re:start！,6 hours ago,"4,654",89%
https://avgle.com/video/z4KP8Pz3OPh/fc2-ppv-2268590,01:03:22,fc2-ppv-2268590,3 days ago,"60,514",81%
https://avgle.com/video/zd2565mUQ5u/fc2-ppv-2283981,43:47,fc2-ppv-2283981,12 hours ago,"4,904",100%
url,duration,title,added,views,heart
https://avgle.com/video/UYXIeION7In/小悪魔部下のwデカ尻誘惑に-篠田ゆう-樞木あおい,02:03:15,小悪魔部下のWデカ尻誘惑に 篠田ゆう 樞木あおい,1 days ago,"16,026",90%
https://avgle.com/video/5KzxbxMEAxi/破壊版-avop-065-冬月かえでのmy現場リポート-アダルトビデオの裏側お見せします-mosaic-removed,02:59:48,[破壊版]  AVOP-065 冬月かえでのMy現場リポート～アダルトビデオの裏側お見せします～ (Mosaic Removed),14 hours ago,"5,233",100%
https://avgle.com/video/gKb8T8lmG8s/cawd-297,02:56:29,CAWD-297,2 days ago,"38,806",77%
https://avgle.com/video/FahCUCO0RCe/素人系列-428suke-086-hカップ美乳-ツヤツヤ美尻-momoちゃん-ガ,01:37:48,[素人系列] 428SUKE-086 【Hカップ美乳+ツヤツヤ美尻】MOMOちゃん★ガ,4 days ago,"90,509",90%
https://avgle.com/video/kmsNmNaRCNn/mide-975-解禁-高橋しょう子-初めての中出し性交-ブルーレイディスク,02:37:19,MIDE-975 解禁 高橋しょう子 初めての中出し性交 （ブルーレイディスク）,4 hours ago,"4,433",83%
https://avgle.com/video/Hu5r8rbDKrt/高清中文字幕-ngod-029-妇科门诊被揉捏玩弄的巨乳人妻-若槻水菜,02:00:45,【高清中文字幕】NGOD-029 妇科门诊被揉捏玩弄的巨乳人妻 若槻水菜,17 hours ago,"6,786",82%
https://avgle.com/video/ZbI8t8Cpe8Q/fc2-ppv-2143054-地上に降臨した圧倒的天使-保育学校に通う18歳-極上清純派のマンコから溢れ出てくる濃密な大量の愛液-即尺フェラからスレンダーな身体を攻め倒し-奥までガン突きして大量中出し-fc2-2,01:08:57,FC2 PPV 2143054 地上に降臨した圧倒的天使。保育学校に通う18歳。極上清純派のマンコから溢れ出てくる濃密な大量の愛液。即尺フェラからスレンダーな身体を攻め倒し、奥までガン突きして大量中出し。 FC2 - 2,10 hours ago,"4,504",100%
https://avgle.com/video/dtPWUW3IiW1/高清中文字幕-ap-598-巨乳人妻健康诊断-痴汉全员中出,03:00:26,【高清中文字幕】AP-598 巨乳人妻健康诊断 痴汉全员中出,2 days ago,"19,668",81%
https://avgle.com/video/j40NfNUUuN0/fsdss-292-相部屋ntr-既婚者の男上司をチクビ責めで完堕ちさせる肉食痴女ol-沙月恵奈,01:58:28,FSDSS-292 相部屋NTR 既婚者の男上司をチクビ責めで完堕ちさせる肉食痴女OL 沙月恵奈,2 days ago,"34,108",65%
https://avgle.com/video/kasNmNHTfNn/cawd-285,02:26:10,CAWD-285,2 days ago,"31,479",85%
https://avgle.com/video/_rORURARhRj/fc2-ppv-2255291-2,31:00,fc2-ppv-2255291 - 2,3 days ago,"78,760",84%
https://avgle.com/video/EzNPdP7SLP4/413inst-168-現役グラドル-流出個人撮影-新人-地下グラドル-ギャラ飲みで交渉-コスプレ個人撮影-でハメ撮り成功-チンポ大好き女,01:30:21,413INST-168 【現役グラドル】●流出個人撮影●新人 地下グラドル ギャラ飲みで交渉 コスプレ個人撮影 でハメ撮り成功 チンポ大好き女,3 days ago,"38,065",83%
https://avgle.com/video/jdRrnr6vvrd/mz15z2z16z3bz34z34z34,01:59:50,mz15z2z16z3bz34z34z34,21 hours ago,"6,318",100%
https://avgle.com/video/kUoYBYpqKYM/sqte-385,01:41:01,SQTE-385,1 days ago,"8,820",86%
https://avgle.com/video/Hu5r8rsMTrt/fc2-ppv-2158392-色白美乳eカップの現役３年生-田舎育ちのおっとり小動物系なのに膣内からは大量の愛液が溢れ落ちる-ぷるんぷるんに揺れるおっぱいを眺めながらこっそり半分中出し-fc2-2,09:14,FC2 PPV 2158392 色白美乳Eカップの現役３年生。田舎育ちのおっとり小動物系なのに膣内からは大量の愛液が溢れ落ちる。ぷるんぷるんに揺れるおっぱいを眺めながらこっそり半分中出し。 FC2 - 2,13 hours ago,"6,894",67%
https://avgle.com/video/t0m6Q6UzL6U/cz11z11z11z3bz30z2gz2o,03:08:08,cz11z11z11z3bz30z2gz2o,3 days ago,"37,346",100%
https://avgle.com/video/_vvrHrxgMrj/fc2-ppv-2158392-ワイン-場バイト-りっちゃん-20-卒業旅行代が欲しい娘をナンパでget-エッチ好き-若さゆえｗ無鉄砲さが健気で可愛らしいです-ラブホでｊ-コスプレしてハメ撮りしちゃいました,01:18:32,Fc2 ppv 2158392【ワイン●場バイト❤りっちゃん(20)】卒業旅行代が欲しい娘をナンパでGET♡「エッチ好き」若さゆえｗ無鉄砲さが健気で可愛らしいです♪ラブホでＪ○コスプレしてハメ撮りしちゃいました,12 hours ago,"5,238",83%
https://avgle.com/video/h94MbMisXMt/fc2-ppv-2255291-3,31:00,fc2-ppv-2255291 - 3,3 days ago,"75,602",82%
url,duration,title,added,views,heart
https://avgle.com/video/v5nC3CqSFCe/sdde-654,02:26:48,SDDE-654,1 days ago,"14,749",78%
https://avgle.com/video/kMoYBYUnoYM/kire-060,02:15:32,KIRE-060,1 days ago,"15,897",71%
https://avgle.com/video/NpDT9Trb9Tl/fc2-ppv-2274586,01:07:16,fc2-ppv-2274586,2 days ago,"32,092",58%
https://avgle.com/video/FrhCHCPybCe/fc2-ppv-2271254,28:46,fc2-ppv-2271254,2 days ago,"25,614",75%
https://avgle.com/video/RJic7cCuVcd/fc2-ppv-2258231-1,26:00,fc2-ppv-2258231 - 1,4 days ago,"135,244",67%
https://avgle.com/video/jY0NfN7MSN0/破壊版-abp-200-国宝級ボディー-松嶋葵-mosaic-removed,02:03:30,[破壊版]  ABP-200 国宝級ボディー 松嶋葵 (Mosaic Removed),12 hours ago,"4,289",100%
https://avgle.com/video/yuj7A7xBg7e/pacopacomama-090421-527-パコパコママ-090421-527-露出温泉不倫旅行-発情が止まらない淫蜜事情-大倉ひろみ,59:43,Pacopacomama 090421_527 パコパコママ 090421_527 露出温泉不倫旅行 ～発情が止まらない淫蜜事情～ 大倉ひろみ,11 hours ago,"4,763",83%
https://avgle.com/video/Q_M7x73h47t/mide-977,02:03:23,MIDE-977,2 days ago,"26,205",93%
https://avgle.com/video/QAuHjHk9SHV/2mz30z30zmz11z11zlz3bz32z2gz2n,01:37:19,2mz30z30zmz11z11zlz3bz32z2gz2n,2 days ago,"23,753",76%
https://avgle.com/video/qxl5I5_rZ5t/miaa-506-ニヤニヤからかってくる妹のま-こ食い込みパンチラに理性ぶっ飛び暴走ピストン-白桃はな,01:56:52,MIAA-506 ニヤニヤからかってくる妹のま○こ食い込みパンチラに理性ぶっ飛び暴走ピストン 白桃はな,13 hours ago,"4,239",100%
https://avgle.com/video/EMNPdP6I_P4/1pondo-090721-001-一本道-090721-001-セクシー女優スペシャル版-鈴木さとみ-舞咲みくに,02:11:34,1pondo 090721_001 一本道 090721_001 セクシー女優スペシャル版 ～ 鈴木さとみ 舞咲みくに～,13 hours ago,"4,878",83%
https://avgle.com/video/CxGl8ls2xlP/破壊版-abp-198-性癖スイッチ-冬月かえで-mosaic-removed,03:23:09,[破壊版]  ABP-198 性癖スイッチ 冬月かえで (Mosaic Removed),12 hours ago,"4,449",90%
https://avgle.com/video/1nkMdMBXLM6/cawd-295,02:34:15,CAWD-295,2 days ago,"14,051",100%
https://avgle.com/video/vhZSKSVFJSr/xvsr-616,01:48:44,XVSR-616,1 days ago,"7,688",100%
https://avgle.com/video/E9NPdPUJAP4/fc2-ppv-2280241-1,38:41,fc2-ppv-2280241 - 1,12 hours ago,"5,051",75%
https://avgle.com/video/T18PbPtmsPs/rebdb-569-yuna4-smiles-キミを彩る笑顔-小倉由菜-ブルーレイディスク,01:24:16,REBDB-569 Yuna4 Smiles～キミを彩る笑顔～・小倉由菜（ブルーレイディスク）,20 hours ago,"5,026",100%
https://avgle.com/video/rRqc9cD9zc0/oz11zcz16z3bz2nz31z2o,01:58:41,oz11zcz16z3bz2nz31z2o,2 days ago,"19,724",91%
https://avgle.com/video/GupfDf0lUfA/shinki-053-お気に入り娘-電車痴漢-自宅盗撮-睡眠姦-たまらない天使-3日間粘着-53,01:31:40,SHINKI-053《お気に入り娘》【電車痴漢】【自宅盗撮】【睡眠姦】たまらない天使 3日間粘着 #53,18 hours ago,"4,808",100%
